[{"id":"100","nombre":"Clark","apellido":"Kento","alias":"Superman","edad":"29","lado":"heroe","active":"true","created_dttm":"10/9/2018, 7:44:43 AM"},{"id":"101","nombre":"Oswald","apellido":"Cobblepot","alias":"Pinguino","edad":"48","lado":"villano","active":"true","created_dttm":"10/9/2018, 7:46:38 AM"},{"id":"200","active":false,"created_dttm":"2018-12-21 20:06:52"},{"id":"1","nombre":"Agustin","apellido":"Cantero","alias":"Agus","edad":"32","lado":"villano","active":"true","created_dttm":"2019-1-9 22:08:02"},{"id":"2","nombre":"otro","apellido":"otro","alias":"otro","edad":"33","lado":"villano","active":false,"created_dttm":"2019-1-9 23:04:21"},{"id":"4","nombre":"Agustin","apellido":"Cantero","alias":"chanion","edad":"34","lado":"heroe","active":false,"created_dttm":"2019-1-29 22:23:12"},{"id":"34","nombre":"ds","apellido":"sdfsd","alias":"ere","edad":"333","lado":"villano","active":false,"created_dttm":"2019-1-29 22:24:10"}]